{"APCP_surface": 388.400005787611, "DLWRF_surface": 526.4000078439713, "DSWRF_surface": 1215.083351439486, "PRES_surface": 105375.0, "SPFH_2maboveground": 0.028899999269924592, "TMP_2maboveground": 326.25000486150384, "UGRD_10maboveground": 28.433333757023018, "VGRD_10maboveground": 34.41666717951497}