{"APCP_surface": 0.0, "DLWRF_surface": 90.13333467642467, "DSWRF_surface": 0.0, "PRES_surface": 58343.333333333336, "SPFH_2maboveground": 9.999999747378752e-05, "TMP_2maboveground": 227.03333671639362, "UGRD_10maboveground": -27.63333374510209, "VGRD_10maboveground": -29.666667108734448}